{
  "i_r1": 0.3995859213250518,
  "i_r5": 0.7301587301587301,
  "i_r10": 0.8433402346445825,
  "i_medr": 2.0,
  "i_meanr": 6.662525879917184,
  "t_r1": 0.37405106970324364,
  "t_r5": 0.7025534851621809,
  "t_r10": 0.8205659075224293,
  "t_medr": 2.0,
  "t_meanr": 7.303657694962043
}