{
  "i_r1": 0.33195307108350586,
  "i_r5": 0.6680469289164941,
  "i_r10": 0.8026224982746721,
  "i_medr": 3.0,
  "i_meanr": 8.679089026915115,
  "t_r1": 0.32160110420979987,
  "t_r5": 0.660455486542443,
  "t_r10": 0.7757073844030365,
  "t_medr": 3.0,
  "t_meanr": 9.029675638371291
}