{
  "i_r1": 0.30434782608695654,
  "i_r5": 0.6252587991718427,
  "i_r10": 0.7674258109040718,
  "i_medr": 3.0,
  "i_meanr": 10.409247757073844,
  "t_r1": 0.2939958592132505,
  "t_r5": 0.6142167011732229,
  "t_r10": 0.7481021394064873,
  "t_medr": 3.0,
  "t_meanr": 10.623188405797102
}