{
  "i_r1": 0.10973084886128365,
  "i_r5": 0.31331953071083507,
  "i_r10": 0.4561766735679779,
  "i_medr": 13.0,
  "i_meanr": 38.873706004140786,
  "t_r1": 0.1028295376121463,
  "t_r5": 0.29675638371290547,
  "t_r10": 0.43754313319530713,
  "t_medr": 13.0,
  "t_meanr": 36.955141476880605
}