{
  "i_r1": 0.3837129054520359,
  "i_r5": 0.7080745341614907,
  "i_r10": 0.8322981366459627,
  "i_medr": 2.0,
  "i_meanr": 7.149068322981367,
  "t_r1": 0.36024844720496896,
  "t_r5": 0.6873706004140787,
  "t_r10": 0.8102139406487232,
  "t_medr": 2.0,
  "t_meanr": 7.79296066252588
}