{
  "i_r1": 0.4044168391994479,
  "i_r5": 0.7294685990338164,
  "i_r10": 0.8405797101449275,
  "i_medr": 2.0,
  "i_meanr": 6.490683229813665,
  "t_r1": 0.37612146307798483,
  "t_r5": 0.7060041407867494,
  "t_r10": 0.8205659075224293,
  "t_medr": 2.0,
  "t_meanr": 7.195307108350587
}