{
  "i_r1": 0.3947550034506556,
  "i_r5": 0.7260179434092477,
  "i_r10": 0.8412698412698413,
  "i_medr": 2.0,
  "i_meanr": 6.7308488612836435,
  "t_r1": 0.36507936507936506,
  "t_r5": 0.6970324361628709,
  "t_r10": 0.8150448585231194,
  "t_medr": 2.0,
  "t_meanr": 7.495514147688061
}