{
  "i_r1": 0.23878536922015184,
  "i_r5": 0.5320910973084886,
  "i_r10": 0.6818495514147688,
  "i_medr": 5.0,
  "i_meanr": 15.470669427191167,
  "t_r1": 0.22912353347135955,
  "t_r5": 0.5203588681849551,
  "t_r10": 0.6680469289164941,
  "t_medr": 5.0,
  "t_meanr": 14.717736369910282
}