{
  "i_r1": 0.4023464458247067,
  "i_r5": 0.728088336783989,
  "i_r10": 0.8412698412698413,
  "i_medr": 2.0,
  "i_meanr": 6.530020703933747,
  "t_r1": 0.37405106970324364,
  "t_r5": 0.7053140096618358,
  "t_r10": 0.8198757763975155,
  "t_medr": 2.0,
  "t_meanr": 7.227743271221532
}