{
  "i_r1": 0.3533471359558316,
  "i_r5": 0.6846100759144237,
  "i_r10": 0.8198757763975155,
  "i_medr": 3.0,
  "i_meanr": 7.790890269151139,
  "t_r1": 0.34782608695652173,
  "t_r5": 0.6790890269151139,
  "t_r10": 0.7964113181504486,
  "t_medr": 3.0,
  "t_meanr": 8.171152518978605
}