{
  "i_r1": 0.5948930296756384,
  "i_r5": 0.8543823326432022,
  "i_r10": 0.9289164941338854,
  "i_medr": 1.0,
  "i_meanr": 3.2615596963423052,
  "t_r1": 0.5507246376811594,
  "t_r5": 0.828847481021394,
  "t_r10": 0.8992408557625949,
  "t_medr": 1.0,
  "t_meanr": 4.739130434782609
}