{
  "i_r1": 0.6059351276742581,
  "i_r5": 0.8557625948930296,
  "i_r10": 0.9316770186335404,
  "i_medr": 1.0,
  "i_meanr": 3.2532781228433403,
  "t_r1": 0.5624568668046929,
  "t_r5": 0.831608005521049,
  "t_r10": 0.9013112491373361,
  "t_medr": 1.0,
  "t_meanr": 4.550724637681159
}