{
  "i_r1": 0.5948930296756384,
  "i_r5": 0.8543823326432022,
  "i_r10": 0.9330572808833678,
  "i_medr": 1.0,
  "i_meanr": 3.2270531400966185,
  "t_r1": 0.5562456866804693,
  "t_r5": 0.828847481021394,
  "t_r10": 0.8978605935127675,
  "t_medr": 1.0,
  "t_meanr": 4.636991028295376
}