{
  "i_r1": 0.5948930296756384,
  "i_r5": 0.8557625948930296,
  "i_r10": 0.9358178053830227,
  "i_medr": 1.0,
  "i_meanr": 3.2242926155969633,
  "t_r1": 0.5638371290545203,
  "t_r5": 0.8302277432712215,
  "t_r10": 0.9013112491373361,
  "t_medr": 1.0,
  "t_meanr": 4.573498964803313
}