{
  "i_r1": 0.5962732919254659,
  "i_r5": 0.852311939268461,
  "i_r10": 0.9309868875086267,
  "i_medr": 1.0,
  "i_meanr": 3.2946859903381642,
  "t_r1": 0.5438233264320221,
  "t_r5": 0.8247066942719117,
  "t_r10": 0.8971704623878537,
  "t_medr": 1.0,
  "t_meanr": 4.908902691511387
}