{"episode_rewards": [870.7029197080108, 736.5013071895246, -93.68974358974253, 899.8999999999899, 205.09480519480564, 884.3357976653574, 907.7999999999912, 907.5999999999833, 882.538888888869, 760.9169491525278, 839.6163120567259, 726.4306122448886, 590.8722222222069, 662.4418060200514, 836.519718309841], "mean": 707.8387730042022, "std": 277.3472828816835}