{"episode_rewards": [848.4530546623637, 641.8354838709558, 850.9204081632489, 822.7070175438415, 908.699999999989, 614.1857142856967, 639.6660818713316, 622.122222222206, 777.7625954198354, 212.39999999999938, 718.6702265372018, 893.1432432432232, -93.7507936507926, -93.0328621908117, 902.799999999988], "mean": 617.7721594652186, "std": 327.00479112466564}