{"episode_rewards": [186.0, 462.0, 122.0, 139.0, 341.0, 269.0, 178.0, 166.0, 269.0, 164.0, 152.0, 149.0, 167.0, 304.0, 149.0], "mean": 214.46666666666667, "std": 92.10708743389705}