{"episode_rewards": [980.0, 1002.0, 1002.0, 909.0, 668.0, 628.0, 1002.0, 998.0, 813.0, 972.0, 1002.0, 1002.0, 1002.0, 179.0, 974.0], "mean": 875.5333333333333, "std": 221.4208260806156}