{"episode_rewards": [913.3999999999891, 832.7548172757353, 861.5824451410465, 914.0999999999876, 901.8999999999816, 874.2889679715158, 875.630976430958, 874.5521126760372, 888.2909090908918, 869.09966555182, 914.7999999999856, 878.581443298951, 873.1776951672716, 892.4432432432227, 911.8999999999843], "mean": 885.1001517231583, "std": 22.568563751526856}