{"episode_rewards": [799.1537313432667, 813.4338345864497, 705.5426332288235, 560.5060606060435, 833.2333333333166, 888.0889763779401, 493.53957597171836, 892.5470588235107, 775.7865248226826, 740.8893992932726, 659.5153846153739, 770.3318936876975, 687.2015873015729, 625.2731343283481, 759.61223021581], "mean": 733.6436905690551, "std": 109.95181084874767}