{"episode_rewards": [-92.85362318840478, 734.4323741007029, 810.5529209621828, 892.5199261992507, 804.6619047618866, 731.0688311688139, -93.0078014184387, 724.8158249158097, 602.6027027026906, 779.4620437956047, 750.7474576271031, 789.5551724137763, 892.2371647509472, 705.2691275167632, 903.5999999999801], "mean": 662.3776017539111, "std": 305.95042878628686}