{"episode_rewards": [-21.7300940438879, 17.547058823530527, 133.1268370607077, 159.02408759124594, 149.05824915825394, 114.43287197232291, 227.54505119454424, -0.09999999999997233, 158.64125874126339, 23.645819397995012, -16.487959866221143, 25.75034013605532, 119.57213114754572, 129.62972972973446, 191.90000000000484], "mean": 94.10369206953966, "std": 78.58626709609992}