{"number_episodes": 17, "episode_rewards": [830.7999999999714, 881.8999999999814, 885.7999999999784, 884.6999999999806, 884.8999999999892, 886.0999999999788, 897.8999999999874, 896.9999999999883, 892.1999999999813, 898.5999999999797, 843.8999999999751, 891.6999999999834, 899.9999999999885, 889.2999999999791, 905.7999999999827, 879.9999999999889, 876.1999999999902], "mean_all_episodes": 883.9294117646886, "std_all_episodes": 18.77043246566822}