{"number_episodes": 16, "episode_rewards": [853.5999999999808, 885.4999999999789, 890.399999999979, 902.8999999999884, 900.5999999999841, 882.5999999999816, 845.6999999999776, 890.8999999999888, 809.5999999999693, 868.4999999999818, 882.9999999999887, 881.9999999999876, 904.8999999999904, 888.699999999982, 877.5999999999872, 894.7999999999878], "mean_all_episodes": 878.8312499999834, "std_all_episodes": 23.830461565771312}