{
  "i_r1": 0.41752933057280883,
  "i_r5": 0.7336093857832988,
  "i_r10": 0.849551414768806,
  "i_medr": 2.0,
  "i_meanr": 6.6438923395445135,
  "t_r1": 0.4023464458247067,
  "t_r5": 0.7018633540372671,
  "t_r10": 0.8240165631469979,
  "t_medr": 2.0,
  "t_meanr": 6.976535541752933
}