{
  "i_r1": 0.37336093857832986,
  "i_r5": 0.7025534851621809,
  "i_r10": 0.821256038647343,
  "i_medr": 2.0,
  "i_meanr": 7.496204278812974,
  "t_r1": 0.35679779158040026,
  "t_r5": 0.7053140096618358,
  "t_r10": 0.8150448585231194,
  "t_medr": 2.0,
  "t_meanr": 7.433402346445825
}