{
  "i_r1": 0.32298136645962733,
  "i_r5": 0.6521739130434783,
  "i_r10": 0.7874396135265701,
  "i_medr": 3.0,
  "i_meanr": 8.913733609385783,
  "t_r1": 0.3250517598343685,
  "t_r5": 0.6480331262939959,
  "t_r10": 0.7777777777777778,
  "t_medr": 3.0,
  "t_meanr": 9.085576259489303
}