{
  "i_r1": 0.4313319530710835,
  "i_r5": 0.7550034506556246,
  "i_r10": 0.8633540372670807,
  "i_medr": 2.0,
  "i_meanr": 6.030365769496204,
  "t_r1": 0.4085576259489303,
  "t_r5": 0.7329192546583851,
  "t_r10": 0.8398895790200138,
  "t_medr": 2.0,
  "t_meanr": 6.48792270531401
}