{
  "i_r1": 0.4389233954451346,
  "i_r5": 0.7584541062801933,
  "i_r10": 0.8647342995169082,
  "i_medr": 2.0,
  "i_meanr": 5.884057971014493,
  "t_r1": 0.41338854382332646,
  "t_r5": 0.7294685990338164,
  "t_r10": 0.8454106280193237,
  "t_medr": 2.0,
  "t_meanr": 6.356797791580401
}