{
  "i_r1": 0.3609385783298827,
  "i_r5": 0.6908212560386473,
  "i_r10": 0.8102139406487232,
  "i_medr": 2.0,
  "i_meanr": 7.901311249137336,
  "t_r1": 0.3588681849551415,
  "t_r5": 0.6756383712905452,
  "t_r10": 0.7929606625258799,
  "t_medr": 3.0,
  "t_meanr": 8.67494824016563
}