{
  "i_r1": 0.30710835058661146,
  "i_r5": 0.6245686680469289,
  "i_r10": 0.759144237405107,
  "i_medr": 3.0,
  "i_meanr": 10.629399585921325,
  "t_r1": 0.305728088336784,
  "t_r5": 0.6197377501725327,
  "t_r10": 0.7425810904071773,
  "t_medr": 3.0,
  "t_meanr": 10.718426501035196
}