{
  "i_r1": 0.34575569358178054,
  "i_r5": 0.6680469289164941,
  "i_r10": 0.7915804002760525,
  "i_medr": 3.0,
  "i_meanr": 8.927536231884059,
  "t_r1": 0.3360938578329883,
  "t_r5": 0.655624568668047,
  "t_r10": 0.772256728778468,
  "t_medr": 3.0,
  "t_meanr": 9.411318150448585
}