{
  "i_r1": 0.3657694962042788,
  "i_r5": 0.6818495514147688,
  "i_r10": 0.8067632850241546,
  "i_medr": 3.0,
  "i_meanr": 8.097308488612835,
  "t_r1": 0.3505866114561767,
  "t_r5": 0.6742581090407177,
  "t_r10": 0.7860593512767425,
  "t_medr": 3.0,
  "t_meanr": 8.832298136645964
}