{
  "i_r1": 0.23533471359558317,
  "i_r5": 0.5134575569358178,
  "i_r10": 0.6680469289164941,
  "i_medr": 5.0,
  "i_meanr": 17.108350586611458,
  "t_r1": 0.22567287784679088,
  "t_r5": 0.5113871635610766,
  "t_r10": 0.6673567977915804,
  "t_medr": 5.0,
  "t_meanr": 15.866114561766736
}