{
  "i_r1": 0.35610766045548653,
  "i_r5": 0.6922015182884748,
  "i_r10": 0.8102139406487232,
  "i_medr": 3.0,
  "i_meanr": 7.377501725327813,
  "t_r1": 0.3498964803312629,
  "t_r5": 0.6570048309178744,
  "t_r10": 0.7915804002760525,
  "t_medr": 3.0,
  "t_meanr": 8.51207729468599
}