{
  "i_r1": 0.39751552795031053,
  "i_r5": 0.7142857142857143,
  "i_r10": 0.8322981366459627,
  "i_medr": 2.0,
  "i_meanr": 6.4851621808143545,
  "t_r1": 0.38095238095238093,
  "t_r5": 0.7039337474120083,
  "t_r10": 0.8205659075224293,
  "t_medr": 2.0,
  "t_meanr": 7.42512077294686
}