{
  "i_r1": 0.36853002070393376,
  "i_r5": 0.6908212560386473,
  "i_r10": 0.8247066942719117,
  "i_medr": 3.0,
  "i_meanr": 7.031746031746032,
  "t_r1": 0.38095238095238093,
  "t_r5": 0.6970324361628709,
  "t_r10": 0.8136645962732919,
  "t_medr": 2.0,
  "t_meanr": 7.8647342995169085
}