{
  "i_r1": 0.41338854382332646,
  "i_r5": 0.7405106970324362,
  "i_r10": 0.8481711525189786,
  "i_medr": 2.0,
  "i_meanr": 6.087646652864044,
  "t_r1": 0.39061421670117324,
  "t_r5": 0.7066942719116632,
  "t_r10": 0.8240165631469979,
  "t_medr": 2.0,
  "t_meanr": 7.329882677708764
}