{
  "i_r1": 0.31538992408557626,
  "i_r5": 0.629399585921325,
  "i_r10": 0.7674258109040718,
  "i_medr": 3.0,
  "i_meanr": 9.148378191856454,
  "t_r1": 0.3084886128364389,
  "t_r5": 0.6238785369220152,
  "t_r10": 0.746031746031746,
  "t_medr": 3.0,
  "t_meanr": 10.080745341614907
}