{
  "i_r1": 0.2995169082125604,
  "i_r5": 0.6231884057971014,
  "i_r10": 0.7605244996549344,
  "i_medr": 3.0,
  "i_meanr": 10.619047619047619,
  "t_r1": 0.2891649413388544,
  "t_r5": 0.6073153899240856,
  "t_r10": 0.7501725327812284,
  "t_medr": 4.0,
  "t_meanr": 10.51207729468599
}