{
  "i_r1": 0.2726017943409248,
  "i_r5": 0.5762594893029676,
  "i_r10": 0.7308488612836439,
  "i_medr": 4.0,
  "i_meanr": 12.431331953071084,
  "t_r1": 0.2581090407177364,
  "t_r5": 0.567287784679089,
  "t_r10": 0.7135955831608005,
  "t_medr": 4.0,
  "t_meanr": 12.236024844720497
}