{
  "i_r1": 0.2912353347135956,
  "i_r5": 0.6176673567977916,
  "i_r10": 0.7550034506556246,
  "i_medr": 3.0,
  "i_meanr": 11.07384403036577,
  "t_r1": 0.2829537612146308,
  "t_r5": 0.5955831608005521,
  "t_r10": 0.7391304347826086,
  "t_medr": 4.0,
  "t_meanr": 10.93719806763285
}