{
  "i_r1": 0.10351966873706005,
  "i_r5": 0.2981366459627329,
  "i_r10": 0.4396135265700483,
  "i_medr": 14.0,
  "i_meanr": 41.43685300207039,
  "t_r1": 0.09385783298826778,
  "t_r5": 0.2774327122153209,
  "t_r10": 0.41959972394755,
  "t_medr": 15.0,
  "t_meanr": 40.12836438923395
}