{
  "i_r1": 0.21877156659765357,
  "i_r5": 0.5003450655624568,
  "i_r10": 0.6363008971704623,
  "i_medr": 5.0,
  "i_meanr": 17.688750862663905,
  "t_r1": 0.21187025534851622,
  "t_r5": 0.4893029675638371,
  "t_r10": 0.6369910282953761,
  "t_medr": 6.0,
  "t_meanr": 16.566597653554176
}