{"episode_rewards": [729.16829268291, 274.8999999999928, 889.4470383275104, 874.8103942652161, 541.6445482865892, 915.3999999999918, 601.487301587295, 826.0744966442758, 927.6999999999869, 605.7823529411589, 858.233333333316, 473.9072202165921, 827.9821917808022, 684.2866171003631, 793.0034482758431], "mean": 721.5884823627896, "std": 182.61942861645008}