{"number_episodes": 23, "episode_rewards": [889.8999999999778, 859.899999999971, 927.899999999993, 917.3999999999884, 915.7999999999925, 916.7999999999903, 915.4999999999843, 925.4999999999842, 917.3999999999844, 927.29999999999, 858.6999999999778, 911.3999999999852, 928.9999999999874, 926.6999999999916, 901.499999999989, 919.6999999999841, 932.6999999999881, 909.299999999987, 917.3999999999826, 915.4999999999889, 918.0999999999896, 927.1999999999871, 929.5999999999852], "mean_all_episodes": 913.4869565217252, "std_all_episodes": 19.22435738391131}