{"episode_rewards": [71.2286713286764, 40.93511705685688, -57.2325581395352, 64.07346938775575, -59.05806451612933, -64.12574850299428, -67.84507042253551, -53.09505300353387, -54.78620689655202, -53.03623188405825, -7.085714285713877, -54.28620689655202, -57.06588628762572, -61.56927899686552, -54.586206896552014], "mean": -31.168997930357243, "std": 47.20035764000034}