{"episode_rewards": [927.4999999999923, 557.7947368420882, 926.5999999999954, 864.6887323943458, 879.9664451827126, 926.8999999999853, 909.7999999999906, 915.3999999999862, 867.5375404530572, 616.9418006430708, 825.6950530035157, 877.4641025640861, 907.5999999999833, 910.3999999999908, 875.2086419752944], "mean": 852.6331368705397, "std": 108.19869807835292}