{"episode_rewards": [836.4671641790874, 801.9270270270089, 704.69452054793, 699.2197278911464, 853.746153846137, 856.4217391304242, 743.6499999999832, 707.0895424836443, 745.2608247422527, 741.2793103448123, 686.3077669902768, 694.0176470588077, 687.3564459930168, 649.0638795986465, 703.7585209003073], "mean": 740.6840180488987, "std": 63.777060365649504}