{"episode_rewards": [290.58100358421257, 906.2999999999837, 914.8999999999843, 879.8999999999877, 929.5999999999932, 909.4999999999814, 518.947619047615, 927.7999999999862, 896.755345911928, 877.6777777777602, 910.19999999998, 418.0518151815036, 921.8999999999864, 777.5119402984915, 909.499999999985], "mean": 799.2750334534253, "std": 202.5297828203956}